Feature,Severity,Count,Feature_Total,Severity_Pct
Junction,2,415139,571342,72.66
Junction,4,20580,571342,3.6
Junction,3,132496,571342,23.19
Junction,1,3127,571342,0.55
Crossing,2,793546,873763,90.82
Crossing,4,13494,873763,1.54
Crossing,1,18691,873763,2.14
Crossing,3,48032,873763,5.5
Traffic_Signal,2,1008672,1143772,88.19
Traffic_Signal,4,20150,1143772,1.76
Traffic_Signal,1,26341,1143772,2.3
Traffic_Signal,3,88609,1143772,7.75
Railway,2,55781,66979,83.28
Railway,4,1557,66979,2.32
Railway,3,8577,66979,12.81
Railway,1,1064,66979,1.59
Stop,2,198390,214371,92.55
Stop,4,5687,214371,2.65
Stop,1,2643,214371,1.23
Stop,3,7651,214371,3.57
