State,Sev_1,Sev_2,Sev_3,Sev_4,Total
CA,10284,1445833,271814,13502,1741433
FL,7083,755895,104065,13149,880192
TX,4233,450952,120443,7209,582837
SC,6175,330817,42470,3095,382557
NY,1247,265902,70062,10749,347960
NC,5139,293066,29590,10404,338199
VA,3115,230660,51324,18202,303301
PA,1731,247991,31031,15867,296620
MN,489,160848,29884,863,192084
OR,1323,162713,9730,5894,179660
AZ,7389,140553,17551,5116,170609
GA,1007,94206,61245,12776,169234
IL,1620,105273,57748,4317,168958
TN,2335,133054,28510,3489,167388
MI,1048,113020,40488,7635,162191
LA,2534,127647,17575,1945,149701
NJ,199,113315,21318,5887,140719
MD,517,103558,25450,10892,140417
OH,1706,79373,30589,6447,118115
WA,865,73339,29926,4091,108221
AL,681,76993,21542,1828,101044
UT,632,79801,15000,1646,97079
CO,970,56105,26306,7504,90885
OK,1303,75059,6800,485,83647
MO,270,48766,25405,2882,77323
CT,72,50392,16369,4172,71005
IN,327,45415,15877,5605,67224
MA,1500,41326,18623,547,61996
WI,90,21530,9606,3462,34688
KY,291,18255,12476,1232,32254
NE,93,24047,4151,579,28870
MT,0,27894,143,459,28496
IA,58,17226,6954,2069,26307
AR,37,19239,677,2827,22780
NV,128,17127,3690,720,21665
KS,34,14837,5321,800,20992
DC,143,16489,1177,821,18630
RI,189,8935,7728,119,16971
MS,29,10739,3570,843,15181
DE,234,11596,715,1552,14097
WV,2,12444,524,823,13793
ID,1,10604,225,546,11376
NM,153,6750,2849,573,10325
NH,82,7818,2059,254,10213
WY,0,3028,182,547,3757
ND,1,3455,14,17,3487
ME,4,2259,316,119,2698
VT,3,616,217,90,926
SD,0,221,8,60,289
