County,State,Count,Percentage_of_Total
Los Angeles,CA,526851,6.82
Miami-Dade,FL,251601,3.26
Harris,TX,180905,2.34
Dallas,TX,155733,2.02
Mecklenburg,NC,145788,1.89
Orange,FL,124321,1.61
Wake,NC,117890,1.53
San Bernardino,CA,109631,1.42
Travis,TX,107881,1.4
Orange,CA,107580,1.39
Maricopa,AZ,106737,1.38
San Diego,CA,104165,1.35
Alameda,CA,98553,1.28
Sacramento,CA,95377,1.23
Davidson,TN,95325,1.23
Riverside,CA,88248,1.14
East Baton Rouge,LA,75260,0.97
Santa Clara,CA,70482,0.91
Montgomery,PA,68302,0.88
Cook,IL,65369,0.85
