City,State,Count,Percentage_of_Total
Miami,FL,186768,2.42
Houston,TX,169428,2.19
Los Angeles,CA,156491,2.02
Charlotte,NC,138345,1.79
Dallas,TX,130303,1.69
Orlando,FL,109690,1.42
Austin,TX,96604,1.25
Raleigh,NC,86066,1.11
Nashville,TN,72670,0.94
Baton Rouge,LA,71588,0.93
Atlanta,GA,68154,0.88
Sacramento,CA,66264,0.86
San Diego,CA,55504,0.72
Phoenix,AZ,53701,0.69
Minneapolis,MN,51488,0.67
Oklahoma City,OK,46092,0.6
Richmond,VA,41954,0.54
Jacksonville,FL,41529,0.54
Tucson,AZ,39304,0.51
San Antonio,TX,37318,0.48
